{"individual_unit": {"demographic": {"gender": {"male": 0, "female": 1, "others": 0}, "race": {"white": 0.705175421593332, "black": 0.28280674549331264, "other": 0.012017832913355302}, "birth_year": {"1940s": 0.6018608257414227, "1950s": 0.3936809459197519, "none": 0.004458228338825354}, "education_level": {"none": 0.44717968598565616, "high-school": 0.3299088970730762, "college": 0.15429346772630353, "high-school-noncompletion": 0.06861794921496414}}, "work": {"ever_income_upward_mobility": {"true": 0.8141418131542564, "false": 0.18585818684574362}, "ever_occu_change": {"true": 0.9152676278886036, "false": 0.0847323721113964}, "ever_industry_change": 0.003}, "life": {"ever_married": {"true": 0.6875363442527621, "false": 0.2938553983330103, "none": 0.018608257414227565}, "ever_have_child": {"false": 0.5373134328358209, "true": 0.44407830974995155, "none": 0.018608257414227565}, "ever_migrated": {"false": 0.7610001938360147, "true": 0.2203915487497577, "none": 0.018608257414227565}}}, "person_year_unit": {"work": {"income_upward_mobility": 0.10217475865483217, "income_downward_mobility": 0.10935323031224586, "occu_change": 0.2063722196683051, "industry_change": 0.0874810718282968}, "life": {"single_couple": 0.02, "couple_single": 0.01, "childbearing_no_yes": 0.01007107747798719, "has_migration": 0.01395381732027301, "married": 0.2, "has_child": 0.05, "childbearing_yes_no": 0.013946744934403621, "single_to_couple": 0.027985430885109075, "couple_to_single": 0.018671098695144828, "single_to_single": 0.008387849641076417}, "income_upward_mobility_trend": {"relative_time": {"0": 0.0, "1": 0.25893738889986173, "2": 0.21885725822733693, "3": 0.20278574354772638, "4": 0.19795150501672243, "5": 0.19269386883144624, "6": 0.12935540069686413, "7": 0.12300981461286808, "8": 0.10788474424838057, "9": 0.10235162374020157, "10": 0.15351178220086936, "11": 0.1077315997213838, "12": 0.09202881710434585, "13": 0.08257972394098045, "14": 0.07257101933635712, "15": 0.12608486017357767, "16": 0.09142019066242968, "17": 0.08096172718351324, "18": 0.07901296111665002, "19": 0.0759208218491606, "20": 0.1392276422764228, "21": 0.05045513654096234, "22": 0.05694879832810862, "23": 0.05304621848739499, "24": 0.06805856832971802, "25": 0.05693950177935947, "26": 0.05125899280575541, "27": 0.06897590361445782, "28": 0.0605682172962847, "29": 0.06622516556291391, "30": 0.06451612903225812, "31": 0.06409395973154364, "32": 0.04480796586059743, "33": 0.05464480874316935, "34": 0.0, "35": 0.0}, "absolute_time": {"1968": 0.0, "1969": 0.2214621633176571, "1970": 0.22184589331075355, "1971": 0.20513359983168522, "1972": 0.20394736842105265, "1973": 0.21126456624946055, "1974": 0.13455186082360715, "1975": 0.13014899211218234, "1976": 0.10773729194781823, "1977": 0.10150460363799685, "1978": 0.15917431192660547, "1979": 0.11067101584342964, "1980": 0.09541540609727717, "1981": 0.08343265792610255, "1982": 0.07120743034055732, "1983": 0.12782316194137433, "1984": 0.0935672514619883, "1985": 0.08422590068159685, "1986": 0.0820322180916977, "1987": 0.06734340183213672, "1988": 0.15114235500878737, "1989": 0.05020597322348097, "1990": 0.05792996910401649, "1991": 0.0532955715756952, "1992": 0.07091442282058114, "1993": 0.055422328803623744, "1994": 0.043812907045589156, "1995": 0.06861875184856547, "1996": 0.061268472906403915, "1997": 0.06865763546798032, "1998": 0.06455820019563085, "1999": 0.06553635474404951, "2000": 0.047095221725678926, "2001": 0.06118941216913032, "2002": 0.0, "2003": 0.0}}, "income_downward_mobility_trend": {"relative_time": {"0": 0.0, "1": 0.18882085719928898, "2": 0.19785988289925294, "3": 0.19909873002867673, "4": 0.19460702341137126, "5": 0.23029267250587482, "6": 0.16049651567944256, "7": 0.12126499454743733, "8": 0.12039312039312045, "9": 0.10571108622620384, "10": 0.16403568977350724, "11": 0.1198049686556768, "12": 0.09690913316290961, "13": 0.08257972394098045, "14": 0.08307471950346146, "15": 0.1299421407907425, "16": 0.0987533610364214, "17": 0.09126594700686952, "18": 0.08325024925224322, "19": 0.09421197694813332, "20": 0.13490853658536583, "21": 0.0694408322496749, "22": 0.056426332288401215, "23": 0.0669642857142857, "24": 0.08161605206073752, "25": 0.08404051464549689, "26": 0.13998800959232616, "27": 0.06174698795180722, "28": 0.08211052138620045, "29": 0.06780195521917376, "30": 0.07416029265048218, "31": 0.06140939597315431, "32": 0.06827880512091034, "33": 0.061202185792349706, "34": 0.031237484981978425, "35": 0.0}, "absolute_time": {"1968": 0.0, "1969": 0.18554938007695598, "1970": 0.19072819644369177, "1971": 0.20029455081001468, "1972": 0.2016129032258065, "1973": 0.23413897280966767, "1974": 0.16450121118696326, "1975": 0.11612620508326033, "1976": 0.11920827710301396, "1977": 0.09813608803054119, "1978": 0.1754587155963303, "1979": 0.12465051258154702, "1980": 0.09681172911333491, "1981": 0.08271752085816453, "1982": 0.07692307692307687, "1983": 0.13479096588178763, "1984": 0.10136452241715399, "1985": 0.09250243427458615, "1986": 0.08302354399008671, "1987": 0.09333993562763065, "1988": 0.1423550087873462, "1989": 0.07003089598352219, "1990": 0.054582904222451045, "1991": 0.06539649845520079, "1992": 0.08237803252466014, "1993": 0.07593924860111911, "1994": 0.15008880994671403, "1995": 0.06240757172434186, "1996": 0.08743842364532017, "1997": 0.06496305418719217, "1998": 0.074665797195957, "1999": 0.06031953048581673, "2000": 0.07218975592987276, "2001": 0.06325197662426951, "2002": 0.032258064516129004, "2003": 0.0}}}}