{"individual_unit": {"demographic": {"gender": {"male": 0.5047296232066846, "female": 0.4952703767933155}, "race": {"other": 0.5919911713700142, "black": 0.2501970676336119, "hispanic": 0.15781176099637395}, "birth_year": {"1960s": 0.5996373955541542, "1950s": 0.4003626044458458, "none": 0.0}, "education_level": {"high-school": 0.6742077881128803, "college": 0.20573860949077724, "high-school-noncompletion": 0.11942298596878449, "none": 0.0006306164275579379}}, "work": {"ever_income_upward_mobility": {"true": 0.7386575764954143, "false": 0.26134242350458564}, "ever_occu_change": {"true": 0.9569028487947406, "false": 0.04309715120525932}, "ever_industry_change": 0.003}, "life": {"ever_married": {"true": 0.736087025067003, "false": 0.23514110042566608, "none": 0.028771874507330916}, "ever_have_child": {"true": 0.7181932839350466, "false": 0.25303484155762257, "none": 0.028771874507330916}, "ever_migrated": {"true": 0.7804666561563929, "false": 0.19076146933627622, "none": 0.028771874507330916}}}, "person_year_unit": {"work": {"income_upward_mobility": 0.09538806334774341, "income_downward_mobility": 0.09790805867420094, "occu_change": 0.30862109254676195, "industry_change": 0.14959013067121174}, "life": {"single_couple": 0.02, "couple_single": 0.01, "childbearing_no_yes": 0.018200261293509046, "has_migration": 0.015155575405687016, "married": 0.2, "has_child": 0.05, "childbearing_yes_no": 0.016474237097305333, "single_to_couple": 0.030224011386448812, "couple_to_single": 0.017047808214813, "single_to_single": 0.007594506463296735, "central_nocentral": 0.0223825506920029, "nocentral_central": 0.023072960370484452, "other_migration": 0.044717303790880236}, "income_upward_mobility_trend": {"relative_time": {"0": 0.0, "1": 0.2665529287513202, "2": 0.18911174785100282, "3": 0.1874793251736685, "4": 0.16532460996477105, "5": 0.16777720826926368, "6": 0.15794514584240316, "7": 0.15396728195258502, "8": 0.12600087989441267, "9": 0.140234167110165, "10": 0.11239684248295656, "11": 0.11208390332877338, "12": 0.10220580896297038, "13": 0.10646846122940945, "14": 0.10612038442083971, "15": 0.11376390164268957, "16": 0.0781185673116509, "17": 0.06893704850361193, "18": 0.06568658116984671, "19": 0.06390111041273827, "20": 0.07036406216734081, "21": 0.059642359995716876, "22": 0.06915765322844969, "23": 0.0584101888449714, "24": 0.064836513781944, "25": 0.05493889449489853, "26": 0.060806949365641794, "27": 0.053756030323914517, "28": 0.05527579341843303, "29": 0.05641931684334511, "30": 0.05339805825242716, "31": 0.04864599926479596, "32": 0.06041640056201303, "33": 0.044590926715781354, "34": 0.04100041000410004, "35": 0.04402250351617443, "36": 0.03861416361416359, "37": 0.03601381351751354, "38": 0.0, "39": 0.0}, "absolute_time": {"1979": 0.0, "1980": 0.2459132189707366, "1981": 0.2036431574030827, "1982": 0.2068630052180065, "1983": 0.17368011751490542, "1984": 0.17355584082156617, "1985": 0.16706891928130863, "1986": 0.15917602996254676, "1987": 0.12968582649053906, "1988": 0.1473034612288704, "1989": 0.11448325401813775, "1990": 0.11523826780213808, "1991": 0.10662245000502457, "1992": 0.10752471252773854, "1993": 0.10983656481575477, "1994": 0.12305964052287577, "1995": 0.0774226804123711, "1996": 0.07311805841217611, "1997": 0.06585518102372034, "1998": 0.06345414892512202, "1999": 0.07360406091370564, "2000": 0.06020278833967052, "2001": 0.0711813067935958, "2002": 0.056871013082495425, "2003": 0.06568940813402402, "2004": 0.054313099041533586, "2005": 0.06269698334083751, "2006": 0.054455445544554504, "2007": 0.05347716318567819, "2008": 0.061725562184488325, "2009": 0.052445074415308324, "2010": 0.046291922531884744, "2011": 0.06149305128520477, "2012": 0.04488992743819953, "2013": 0.039906711583311716, "2014": 0.04443580774711753, "2015": 0.038582569434943204, "2016": 0.03954029278971127, "2017": 0.0, "2018": 0.0}}, "income_downward_mobility_trend": {"relative_time": {"0": 0.0, "1": 0.16605735640588193, "2": 0.20532132623823163, "3": 0.17474363215348987, "4": 0.18109377621204492, "5": 0.16316418930463006, "6": 0.15785807575097954, "7": 0.15099291400577375, "8": 0.16498020237571487, "9": 0.11601915912719529, "10": 0.13724434876210978, "11": 0.10004559963520288, "12": 0.1230661742688891, "13": 0.11128967456809968, "14": 0.10126454223571069, "15": 0.10937659422507906, "16": 0.07410456978180324, "17": 0.0722394220846233, "18": 0.07736419560004171, "19": 0.07689084433270477, "20": 0.06397700659995742, "21": 0.07345540207731016, "22": 0.063148694417131, "23": 0.06960913482652609, "24": 0.06372056690101546, "25": 0.06289942818701644, "26": 0.0670933821008115, "27": 0.0591546060188376, "28": 0.06487879142756758, "29": 0.06419316843345113, "30": 0.0648058252427185, "31": 0.07008944982232568, "32": 0.049814791161067795, "33": 0.058808323639653604, "34": 0.06614732813994806, "35": 0.05527426160337556, "36": 0.05387667887667891, "37": 0.04768952474921884, "38": 0.03310631857737423, "39": 0.0}, "absolute_time": {"1979": 0.0, "1980": 0.16992936427850658, "1981": 0.2136384866884633, "1982": 0.17528964358362076, "1983": 0.18741899248250238, "1984": 0.16713735558408216, "1985": 0.16411906677393406, "1986": 0.15480649188514362, "1987": 0.17145662263477335, "1988": 0.11582148287273053, "1989": 0.14429379545658616, "1990": 0.10038050371444107, "1991": 0.1250125615516029, "1992": 0.11660278394190038, "1993": 0.10526850065983151, "1994": 0.11703431372549022, "1995": 0.07567010309278355, "1996": 0.06869600987248048, "1997": 0.07906783187682065, "1998": 0.07581264928860731, "1999": 0.0640862944162437, "2000": 0.07456696239966198, "2001": 0.0628515794028559, "2002": 0.07222402421883445, "2003": 0.0630441970682244, "2004": 0.06235540376776472, "2005": 0.06843764070238634, "2006": 0.055468046804680426, "2007": 0.06770713793894878, "2008": 0.05748049564020197, "2009": 0.07004488542404919, "2010": 0.07156353330184217, "2011": 0.05005534374615672, "2012": 0.05583569056696591, "2013": 0.0649131899455817, "2014": 0.053763440860215006, "2015": 0.05677931317553697, "2016": 0.04268709809823501, "2017": 0.032562872510539353, "2018": 0.0}}}}