{"individual_unit": {"demographic": {"gender": {"male": 0.6479369234604837, "female": 0.3519384193467963, "none": 0.00012465719272001995}, "race": {"white": 0.555908750934929, "black": 0.33797681376215405, "other": 0.10611443530291698}, "birth_year": {"1950s": 0.19462104213413114, "1960s": 0.168754674644727, "1970s": 0.1300797806033408, "1980s": 0.12487534280727998, "1940s": 0.10954250810271753, "1930s": 0.06569434056345051, "1920s": 0.06351283969085016, "1990s": 0.058152580403889306, "1910s": 0.04394166043380703, "1900s": 0.02474445275492396, "1890s": 0.010595861381201695, "1880s": 0.0032722513089005235, "2000s": 0.0010595861381201695, "none": 0.0006856145599601097, "1870s": 0.0004051358763400648, "1860s": 6.232859636000998e-05}, "education_level": {"high-school": 0.40409076382230746, "high-school-noncompletion": 0.2351869606903164, "college": 0.212464046021093, "none": 0.14825822946628317}}, "work": {"ever_income_upward_mobility": {"true": 0.6388490169242581, "false": 0.3611509830757419}, "ever_occu_change": {"true": 0.6932603398204092, "false": 0.30673966017959076}, "ever_industry_change": 0.003}, "life": {"ever_married": {"false": 0.5803103964098728, "true": 0.3532784841685365, "none": 0.06641111942159063}, "ever_have_child": {"true": 0.5239341810022439, "false": 0.40965469957616557, "none": 0.06641111942159063}, "ever_migrated": {"false": 0.8411867364746946, "true": 0.09240214410371478, "none": 0.06641111942159063}}}, "person_year_unit": {"work": {"income_upward_mobility": 0.11645215703491463, "income_downward_mobility": 0.10279132102502486, "occu_change": 0.2044943041338355, "industry_change": 0.04438220423632848}, "life": {"single_couple": 0.02, "couple_single": 0.01, "childbearing_no_yes": 0.010157820551332075, "has_migration": 0.011327032834993145, "married": 0.2, "has_child": 0.05, "childbearing_yes_no": 0.013489844490144898, "single_to_couple": 0.012297525244356122, "couple_to_single": 0.01788016729440578, "single_to_single": 0.014289345379762897, "central_nocentral": 0.0223825506920029, "nocentral_central": 0.023072960370484452, "other_migration": 0.044717303790880236}, "income_upward_mobility_trend": {"relative_time": {"0": 0.0, "1": 0.23560345146835537, "2": 0.207769617317356, "3": 0.1805305853979391, "4": 0.19432845409076305, "5": 0.14256681231582158, "6": 0.14729870272045542, "7": 0.13240146379506867, "8": 0.13459041731066457, "9": 0.12401073105298455, "10": 0.11806130903065448, "11": 0.11338429256594729, "12": 0.10873083147106422, "13": 0.10203740814963258, "14": 0.10234798314268512, "15": 0.09948908499767761, "16": 0.09302992637919494, "17": 0.08964451313755795, "18": 0.09370674049621974, "19": 0.09054209919261824, "20": 0.08082975679542204, "21": 0.08465200051460187, "22": 0.08233874212149661, "23": 0.08155002891844998, "24": 0.07394312067640274, "25": 0.07578740157480313, "26": 0.06656552247297554, "27": 0.08537337996297056, "28": 0.12030075187969924, "29": 0.06205889510829887, "30": 0.05364186168814089, "31": 0.05131034482758623, "32": 0.04726735598227472, "33": 0.04851668726823244, "34": 0.052980132450331174, "35": 0.0544241573033708, "36": 0.045334340763128034, "37": 0.04653028479743282, "38": 0.03602430555555558, "39": 0.050894085281980694, "40": 0.03701850925462735, "41": 0.047567567567567526, "42": 0.031156381066506866, "43": 0.060256410256410264, "44": 0.02400000000000002, "45": 0.04538216560509556, "46": 0.021838034576888044, "47": 0.0220661985957874, "48": 0.010215664018161208, "49": 0.007547169811320753, "50": 0.010071942446043147, "51": 0.020933977455716568}, "absolute_time": {"1968": 0.0, "1969": 0.18496029892573562, "1970": 0.1636285653013082, "1971": 0.16163662143001822, "1972": 0.15327066948014578, "1973": 0.1450577663671374, "1974": 0.16599615182788174, "1975": 0.15917821947553035, "1976": 0.14944948186528495, "1977": 0.14701737905119772, "1978": 0.1466364323507181, "1979": 0.1484760522496371, "1980": 0.140629351155667, "1981": 0.13884342607746858, "1982": 0.1366858365654674, "1983": 0.14624193760695015, "1984": 0.1333592534992224, "1985": 0.1285334009380149, "1986": 0.1229859013091642, "1987": 0.13669599702565371, "1988": 0.12060975609756097, "1989": 0.12287724405628331, "1990": 0.10646272285251213, "1991": 0.14167332268370603, "1992": 0.1266117304895783, "1993": 0.1323626737260093, "1994": 0.1464149605601347, "1995": 0.11553857350800578, "1996": 0.31683375104427736, "1997": 0.1303159895462105, "1998": 0.08264874284291757, "1999": 0.08605812897366028, "2000": 0.07860994607549432, "2001": 0.07597692391422661, "2002": 0.09382885983023626, "2003": 0.0880443886097152, "2004": 0.08957083003057409, "2005": 0.09395627062706269, "2006": 0.08393073784052052, "2007": 0.0946378551420568, "2008": 0.08466917697686926, "2009": 0.09166503619643906, "2010": 0.08042553191489366, "2011": 0.10995370370370372, "2012": 0.08502109704641347, "2013": 0.09857664935564536, "2014": 0.08108397600685513, "2015": 0.08860017583276347, "2016": 0.08698467515648611, "2017": 0.078834618680377, "2018": 0.08183216168717045, "2019": 0.08481559642247005}}, "income_downward_mobility_trend": {"relative_time": {"0": 0.0, "1": 0.132651927563604, "2": 0.12701971395438727, "3": 0.12887524665643502, "4": 0.11590877804799704, "5": 0.12356467838634289, "6": 0.11910887295418471, "7": 0.12448257243985839, "8": 0.114435857805255, "9": 0.12146210596914819, "10": 0.11067384700359018, "11": 0.11750599520383698, "12": 0.10857671264544966, "13": 0.11506346025384107, "14": 0.10570224477509249, "15": 0.10404087320018574, "16": 0.102877904197342, "17": 0.11107676455435345, "18": 0.10339686934298797, "19": 0.0980392156862745, "20": 0.10336194563662371, "21": 0.10587932587160687, "22": 0.09896741316883462, "23": 0.0922498554077501, "24": 0.09853958493466564, "25": 0.09711286089238846, "26": 0.17352550730134653, "27": 0.07570458753342935, "28": 0.07120743034055732, "29": 0.07885130201995616, "30": 0.09334735734946098, "31": 0.07696551724137934, "32": 0.08212703101920238, "33": 0.0713844252163165, "34": 0.07615894039735094, "35": 0.0758426966292135, "36": 0.08009066868152626, "37": 0.07180104292017653, "38": 0.08637152777777779, "39": 0.06648326455754239, "40": 0.08954477238619307, "41": 0.07027027027027022, "42": 0.07130017974835234, "43": 0.06666666666666665, "44": 0.1025454545454545, "45": 0.060509554140127375, "46": 0.07734303912647866, "47": 0.04312938816449352, "48": 0.05221339387060164, "49": 0.02767295597484276, "50": 0.031654676258992764, "51": 0.009661835748792313}, "absolute_time": {"1968": 0.0, "1969": 0.10649229332087806, "1970": 0.11194509972120947, "1971": 0.12153129430828435, "1972": 0.13562248225589868, "1973": 0.14982578397212543, "1974": 0.12821409830330588, "1975": 0.12794387840320698, "1976": 0.13277202072538863, "1977": 0.14404258650383595, "1978": 0.13408919123204832, "1979": 0.13280116110304785, "1980": 0.13046505151768306, "1981": 0.13775231860338244, "1982": 0.12505015380500195, "1983": 0.12123206528892982, "1984": 0.12208398133748055, "1985": 0.12358980859424518, "1986": 0.11883182275931525, "1987": 0.10881150080555213, "1988": 0.11658536585365853, "1989": 0.11887433284813198, "1990": 0.09967585089141007, "1991": 0.12050718849840258, "1992": 0.12089190499272906, "1993": 0.13879171787841538, "1994": 0.32633164938402903, "1995": 0.07359898107714702, "1996": 0.05472013366750206, "1997": 0.08196721311475408, "1998": 0.09783420463032111, "1999": 0.054722979109900094, "2000": 0.09838226482923906, "2001": 0.06062914988570811, "2002": 0.07903188804771732, "2003": 0.07024706867671693, "2004": 0.09013701732533119, "2005": 0.06683168316831678, "2006": 0.09617293481857281, "2007": 0.06082432973189278, "2008": 0.09779451317912857, "2009": 0.06574055957738212, "2010": 0.0907446808510638, "2011": 0.06413966049382713, "2012": 0.10696202531645571, "2013": 0.06443546835929992, "2014": 0.09361610968294776, "2015": 0.06007619419751875, "2016": 0.09313619684869412, "2017": 0.06512425021422452, "2018": 0.09995606326889284, "2019": 0.05969249321676218}}}}